Driver_ID,Driver_Name,Driver_Email,Driver_Phone_Number,Vehicle_ID
201,Liam Wilson,liam.w@cabtrip.com,555-565-6384,105
202,Noah Brown,noah.b@cabtrip.com,555-125-4700,101
203,Oliver Davis,oliver.d@cabtrip.com,756-963-5456,108
204,Elijah Miller,elijah.m@cabtrip.com,998-324-1785,102
205,James Garcia,james.g@cabtrip.com,756-123-5884,112
206,William Rodriguez,william.r@cabtrip.com,854-963-2156,103
207,Benjamin Martinez,benjamin.m@cabtrip.com,931-784-5006,110
208,Lucas Hernandez,lucas.h@cabtrip.com,769-852-1376,106
209,Henry Lopez,henry.l@cabtrip.com,978-621-3537,104
210,Theodore Gonzalez,theodore.g@cabtrip.com,867-412-3450,107
211,Jack Perez,jack.p@cabtrip.com,746-932-1765,113
212,Leo Carter,leo.c@cabtrip.com,965-874-1670,109
213,Finn Roberts,finn.r@cabtrip.com,854-796-3665,101
214,Samuel Campbell,samuel.c@cabtrip.com,789-632-1550,105
215,Michael Brooks,michael.b@cabtrip.com,957-812-3365,111
216,Daniel Rogers,daniel.r@cabtrip.com,841-236-9978,102
217,Andrew Cook,andrew.c@cabtrip.com,594-632-2510,103
218,Mason Bell,mason.b@cabtrip.com,932-874-1440,109
219,David Simmons,david.s@cabtrip.com,857-632-1550,107
220,Julian Foster,julian.f@cabtrip.com,746-852-1760,104
